{
  "header": {
    "version": 1,
    "previous_block_hash": [
      0,
      0,
      0,
      0,
      0,
      0,
      0,
      0,
      0,
      0,
      0,
      0,
      0,
      0,
      0,
      0,
      0,
      0,
      0,
      0,
      0,
      0,
      0,
      0,
      0,
      0,
      0,
      0,
      0,
      0,
      0,
      0
    ],
    "merkle_root": [
      196,
      90,
      182,
      173,
      113,
      231,
      50,
      56,
      235,
      129,
      85,
      47,
      186,
      144,
      78,
      212,
      192,
      55,
      157,
      43,
      55,
      143,
      220,
      52,
      11,
      63,
      31,
      15,
      194,
      180,
      163,
      64
    ],
    "spiral_root": [
      246,
      118,
      14,
      123,
      177,
      159,
      163,
      90,
      211,
      124,
      255,
      60,
      197,
      215,
      29,
      220,
      58,
      100,
      142,
      76,
      220,
      185,
      141,
      34,
      146,
      157,
      45,
      143,
      70,
      31,
      162,
      4
    ],
    "timestamp": 1737331200000,
    "pi_coordinates": {
      "x": 3.141592653589793,
      "y": 2.718281828459045,
      "z": 1.618033988749895,
      "t": 0.0
    },
    "spiral": {
      "spiral_type": "Ramanujan",
      "complexity": 100.0,
      "self_similarity": 1.618,
      "information_density": 3.14159,
      "semantic_coherence": 1.0,
      "geometry_data": []
    },
    "validator_pubkey": [],
    "signature": [
      0,
      0,
      0,
      0,
      0,
      0,
      0,
      0,
      0,
      0,
      0,
      0,
      0,
      0,
      0,
      0,
      0,
      0,
      0,
      0,
      0,
      0,
      0,
      0,
      0,
      0,
      0,
      0,
      0,
      0,
      0,
      0,
      0,
      0,
      0,
      0,
      0,
      0,
      0,
      0,
      0,
      0,
      0,
      0,
      0,
      0,
      0,
      0,
      0,
      0,
      0,
      0,
      0,
      0,
      0,
      0,
      0,
      0,
      0,
      0,
      0,
      0,
      0,
      0
    ],
    "nonce": 0,
    "difficulty_target": 4294967,
    "tx_count": 6,
    "block_height": 0
  },
  "transactions": [
    {
      "version": 1,
      "tx_hash": [
        197,
        86,
        46,
        110,
        207,
        178,
        52,
        75,
        11,
        142,
        159,
        254,
        146,
        180,
        38,
        23,
        110,
        149,
        217,
        186,
        69,
        49,
        55,
        158,
        161,
        179,
        223,
        50,
        62,
        29,
        21,
        221
      ],
      "pi_id": {
        "x": 0.0,
        "y": 0.0,
        "z": 0.0,
        "t": 0.0
      },
      "from": [
        0,
        0,
        0,
        0,
        0,
        0,
        0,
        0,
        0,
        0,
        0,
        0,
        0,
        0,
        0,
        0,
        0,
        0,
        0,
        0,
        0,
        0,
        0,
        0,
        0,
        0,
        0,
        0,
        0,
        0,
        0,
        0
      ],
      "to": [
        1,
        1,
        1,
        1,
        1,
        1,
        1,
        1,
        1,
        1,
        1,
        1,
        1,
        1,
        1,
        1,
        1,
        1,
        1,
        1,
        1,
        1,
        1,
        1,
        1,
        1,
        1,
        1,
        1,
        1,
        1,
        1
      ],
      "amount": 6299999999999999303745536,
      "fee": 0,
      "timestamp": 1737331200000,
      "signature": [],
      "purpose": "Team & development fund - 4 year vesting",
      "semantic_vector": [],
      "entities": [],
      "intent": {
        "intent_type": "Transfer",
        "confidence": 1.0
      },
      "related_txs": [],
      "spiral_position": null,
      "thread_id": null,
      "extra_data": {}
    },
    {
      "version": 1,
      "tx_hash": [
        90,
        87,
        45,
        212,
        138,
        124,
        240,
        249,
        182,
        226,
        40,
        159,
        45,
        75,
        40,
        12,
        156,
        247,
        47,
        241,
        92,
        30,
        150,
        197,
        57,
        121,
        141,
        109,
        174,
        136,
        204,
        107
      ],
      "pi_id": {
        "x": 0.0,
        "y": 0.0,
        "z": 0.0,
        "t": 0.0
      },
      "from": [
        0,
        0,
        0,
        0,
        0,
        0,
        0,
        0,
        0,
        0,
        0,
        0,
        0,
        0,
        0,
        0,
        0,
        0,
        0,
        0,
        0,
        0,
        0,
        0,
        0,
        0,
        0,
        0,
        0,
        0,
        0,
        0
      ],
      "to": [
        2,
        2,
        2,
        2,
        2,
        2,
        2,
        2,
        2,
        2,
        2,
        2,
        2,
        2,
        2,
        2,
        2,
        2,
        2,
        2,
        2,
        2,
        2,
        2,
        2,
        2,
        2,
        2,
        2,
        2,
        2,
        2
      ],
      "amount": 4200000000000000251658240,
      "fee": 0,
      "timestamp": 1737331200000,
      "signature": [],
      "purpose": "Early validator rewards",
      "semantic_vector": [],
      "entities": [],
      "intent": {
        "intent_type": "Transfer",
        "confidence": 1.0
      },
      "related_txs": [],
      "spiral_position": null,
      "thread_id": null,
      "extra_data": {}
    },
    {
      "version": 1,
      "tx_hash": [
        245,
        226,
        254,
        241,
        68,
        207,
        143,
        102,
        33,
        219,
        178,
        218,
        155,
        136,
        221,
        251,
        56,
        178,
        33,
        44,
        144,
        221,
        232,
        120,
        139,
        134,
        250,
        188,
        125,
        86,
        209,
        212
      ],
      "pi_id": {
        "x": 0.0,
        "y": 0.0,
        "z": 0.0,
        "t": 0.0
      },
      "from": [
        0,
        0,
        0,
        0,
        0,
        0,
        0,
        0,
        0,
        0,
        0,
        0,
        0,
        0,
        0,
        0,
        0,
        0,
        0,
        0,
        0,
        0,
        0,
        0,
        0,
        0,
        0,
        0,
        0,
        0,
        0,
        0
      ],
      "to": [
        3,
        3,
        3,
        3,
        3,
        3,
        3,
        3,
        3,
        3,
        3,
        3,
        3,
        3,
        3,
        3,
        3,
        3,
        3,
        3,
        3,
        3,
        3,
        3,
        3,
        3,
        3,
        3,
        3,
        3,
        3,
        3
      ],
      "amount": 3149999999999999651872768,
      "fee": 0,
      "timestamp": 1737331200000,
      "signature": [],
      "purpose": "Research grants",
      "semantic_vector": [],
      "entities": [],
      "intent": {
        "intent_type": "Transfer",
        "confidence": 1.0
      },
      "related_txs": [],
      "spiral_position": null,
      "thread_id": null,
      "extra_data": {}
    },
    {
      "version": 1,
      "tx_hash": [
        135,
        164,
        201,
        22,
        164,
        74,
        3,
        24,
        128,
        220,
        79,
        54,
        146,
        191,
        13,
        7,
        61,
        97,
        119,
        243,
        184,
        112,
        11,
        188,
        60,
        155,
        120,
        213,
        242,
        252,
        142,
        40
      ],
      "pi_id": {
        "x": 0.0,
        "y": 0.0,
        "z": 0.0,
        "t": 0.0
      },